{"name":"SetPIN","identifier":"MIAMRAH0LQ","description":null,"slotTypeName":"AMAZON.Number","obfuscationSetting":null,"valueElicitationSetting":{"promptSpecification":{"messageGroupsList":[{"message":{"ssmlMessage":null,"imageResponseCard":null,"customPayload":null,"plainTextMessage":{"value":"Got it. To activate your card, you need to set a PIN. Please enter a choice of your PIN."}},"variations":null}],"maxRetries":4,"allowInterrupt":true},"sampleUtterances":null,"defaultValueSpecification":null,"waitAndContinueSpecification":null,"slotConstraint":"Required"},"multipleValuesSetting":null}