{"name":"CardMissingDate","identifier":"UHKHAVYYZM","description":null,"slotTypeName":"AMAZON.Date","obfuscationSetting":null,"valueElicitationSetting":{"promptSpecification":{"messageGroupsList":[{"message":{"ssmlMessage":null,"imageResponseCard":null,"customPayload":null,"plainTextMessage":{"value":"OK. Please tell me the date."}},"variations":null}],"maxRetries":4,"allowInterrupt":true},"sampleUtterances":[{"utterance":"it was on {CardMissingDate}"},{"utterance":"it was  {CardMissingDate}"}],"defaultValueSpecification":null,"waitAndContinueSpecification":null,"slotConstraint":"Optional"},"multipleValuesSetting":null}