{"name":"ReportMissingCard","identifier":"2JBGHCPZ1I","description":"Responds to phrases that indicate that user wants to report their missing card.","parentIntentSignature":null,"sampleUtterances":[{"utterance":"My card is missing"},{"utterance":"I {Reason} my card"},{"utterance":"I can't find my card. can you block it"},{"utterance":"i misplaced my card"},{"utterance":"report missing card"},{"utterance":"I'm not able to find my card"},{"utterance":"I can't locate my card"},{"utterance":"I need to block my card as I have lost it"},{"utterance":"Can you block my card? Its missing"},{"utterance":"Someone stole my card. Please block it"},{"utterance":"I lost my card"}],"intentConfirmationSetting":{"isActive":true,"promptSpecification":{"messageGroupsList":[{"message":{"ssmlMessage":null,"imageResponseCard":null,"customPayload":null,"plainTextMessage":{"value":"All right. Can l go ahead and block your card?"}},"variations":null}],"maxRetries":4,"allowInterrupt":true},"declinationResponse":{"messageGroupsList":[{"message":{"ssmlMessage":null,"imageResponseCard":null,"customPayload":null,"plainTextMessage":{"value":"Okay then. I will not block your card. Anything else I can do for you?"}},"variations":null}],"allowInterrupt":true}},"intentClosingSetting":{"isActive":true,"closingResponse":{"messageGroupsList":[{"message":{"ssmlMessage":null,"imageResponseCard":null,"customPayload":null,"plainTextMessage":{"value":"OK. Your card is blocked now. You can also request a replacement card. What do you want to do?"}},"variations":null}],"allowInterrupt":true}},"inputContexts":null,"outputContexts":[{"name":"RequestNewCard","timeToLiveInSeconds":120,"turnsToLive":10}],"kendraConfiguration":null,"dialogCodeHook":{"enabled":true},"fulfillmentCodeHook":{"fulfillmentUpdatesSpecification":null,"postFulfillmentStatusSpecification":null,"enabled":false},"slotPriorities":[{"priority":4,"slotName":"NoticedUnauthorisedTransaction"},{"priority":1,"slotName":"Reason"},{"priority":3,"slotName":"CardMissingDate"},{"priority":2,"slotName":"DateAvailabilityCheck"}]}