{"name":"Reason","identifier":"MXA20XUTGU","description":null,"slotTypeName":"MissingCardReason","obfuscationSetting":null,"valueElicitationSetting":{"promptSpecification":{"messageGroupsList":[{"message":{"ssmlMessage":null,"imageResponseCard":null,"customPayload":null,"plainTextMessage":{"value":"I am sorry to hear your card is missing. Was it lost or stolen?"}},"variations":null}],"maxRetries":4,"allowInterrupt":true},"sampleUtterances":[{"utterance":"It was {Reason}"},{"utterance":"I {Reason} it"},{"utterance":"Someone {Reason} it"}],"defaultValueSpecification":null,"waitAndContinueSpecification":null,"slotConstraint":"Required"},"multipleValuesSetting":null}