{"name":"EmailCardPIN","identifier":"ZFE0XVRZDJ","description":"Follow on intent to ResetCardPIN intent.","parentIntentSignature":null,"sampleUtterances":[{"utterance":"Email my pin"},{"utterance":"send it to my e-mail"},{"utterance":"email it to me"},{"utterance":"email"}],"intentConfirmationSetting":null,"intentClosingSetting":{"isActive":true,"closingResponse":{"messageGroupsList":[{"message":{"ssmlMessage":{"value":"<speak>All right, just a moment while I process your request.<break time=\"3s\"/>All set. I'll email you the new PIN to the registered email address. What else?</speak> "},"imageResponseCard":null,"customPayload":null,"plainTextMessage":null},"variations":null}],"allowInterrupt":true}},"inputContexts":[{"name":"EmailCardPIN","timeToLiveInSeconds":null,"turnsToLive":null}],"outputContexts":null,"kendraConfiguration":null,"dialogCodeHook":null,"fulfillmentCodeHook":null,"slotPriorities":[{"priority":1,"slotName":"Email"}]}