{"name":"3DigitSecurityCode","identifier":"P3JM3TEKL6","description":null,"slotTypeName":"SecurityCode","obfuscationSetting":null,"valueElicitationSetting":{"promptSpecification":{"messageGroupsList":[{"message":{"ssmlMessage":null,"imageResponseCard":null,"customPayload":null,"plainTextMessage":{"value":"Please enter the 3 digit security code printed on the back of your card."}},"variations":null}],"maxRetries":4,"allowInterrupt":true},"sampleUtterances":null,"defaultValueSpecification":null,"waitAndContinueSpecification":{"isActive":true,"waitingResponse":{"messageGroupsList":[{"message":{"ssmlMessage":null,"imageResponseCard":null,"customPayload":null,"plainTextMessage":{"value":"Okay. I will wait."}},"variations":null}],"allowInterrupt":true},"continueResponse":{"messageGroupsList":[{"message":{"ssmlMessage":null,"imageResponseCard":null,"customPayload":null,"plainTextMessage":{"value":"Great. Please enter the 3 digit security code printed on the back of your card."}},"variations":null}],"allowInterrupt":true},"stillWaitingResponse":{"messageGroupsList":[{"message":{"ssmlMessage":null,"imageResponseCard":null,"customPayload":null,"plainTextMessage":{"value":"Okay. Please enter the 3 digit security code printed on the back of your card."}},"variations":null}],"timeoutInSeconds":120,"frequencyInSeconds":30,"allowInterrupt":null}},"slotConstraint":"Required"},"multipleValuesSetting":null}