{"name":"AccountOption","identifier":"6EYZVNXW1A","description":null,"slotTypeName":"AccountOption","obfuscationSetting":null,"valueElicitationSetting":{"promptSpecification":{"messageGroupsList":[{"message":{"ssmlMessage":null,"imageResponseCard":null,"customPayload":null,"plainTextMessage":{"value":"Our records indicate your last payment transaction was processed using a checking account number, ending in 7869. If you like to use this account for today's transaction, say, 'same account'. Otherwise, say, 'different account'."}},"variations":null}],"maxRetries":4,"allowInterrupt":true},"sampleUtterances":null,"defaultValueSpecification":null,"waitAndContinueSpecification":null,"slotConstraint":"Required"},"multipleValuesSetting":null}