{"name":"ZipCodeVerificationNewCard","identifier":"NIGVVFZSVJ","description":"Follow on intent to RequestNewCard intent.","parentIntentSignature":null,"sampleUtterances":[{"utterance":"{Zipcode}"},{"utterance":"Its {Zipcode} "}],"intentConfirmationSetting":null,"intentClosingSetting":{"isActive":true,"closingResponse":{"messageGroupsList":[{"message":{"ssmlMessage":null,"imageResponseCard":null,"customPayload":null,"plainTextMessage":{"value":"Thanks. Your replacement card should arrive in 5 to 7 business days.  Anything else?"}},"variations":null}],"allowInterrupt":true}},"inputContexts":[{"name":"RequestNewCardVerification","timeToLiveInSeconds":null,"turnsToLive":null}],"outputContexts":null,"kendraConfiguration":null,"dialogCodeHook":null,"fulfillmentCodeHook":null,"slotPriorities":[{"priority":1,"slotName":"Zipcode"}]}