{"name":"CheckAuthorization","identifier":"QIRWDPMPBW","description":null,"slotTypeName":"ConfirmationSlot","obfuscationSetting":null,"valueElicitationSetting":{"promptSpecification":{"messageGroupsList":[{"message":{"ssmlMessage":null,"imageResponseCard":null,"customPayload":null,"plainTextMessage":{"value":"On today's date, Sunday, August 22nd, 2021, you are requesting a payment, of, {PaymentAmount} dollars to be credited to this credit card account, effective August 22, 2021. The funds with be withdrawn as a one time electronic transfer from your bank account, ending in 7684, typically within 2 business days of this payment date. To authorise us to proceed with this payment request, say proceed. Or to cancel the transaction, say, 'cancel'."}},"variations":null}],"maxRetries":4,"allowInterrupt":true},"sampleUtterances":null,"defaultValueSpecification":null,"waitAndContinueSpecification":null,"slotConstraint":"Required"},"multipleValuesSetting":null}