{"name":"Repeat","identifier":"2FJR0HRVNQ","description":"Responds to phrases that indicate that user wants the previous message to be repeated.","parentIntentSignature":"AMAZON.RepeatIntent","sampleUtterances":null,"intentConfirmationSetting":null,"intentClosingSetting":null,"inputContexts":null,"outputContexts":null,"kendraConfiguration":null,"dialogCodeHook":null,"fulfillmentCodeHook":{"fulfillmentUpdatesSpecification":null,"postFulfillmentStatusSpecification":null,"enabled":true},"slotPriorities":[]}