{"name":"SecurityCode","identifier":"FKRVYDSFZG","description":null,"slotTypeName":"SecurityCode","obfuscationSetting":null,"valueElicitationSetting":{"promptSpecification":{"messageGroupsList":[{"message":{"ssmlMessage":null,"imageResponseCard":null,"customPayload":null,"plainTextMessage":{"value":"All right. To continue, I'll need a little more information. Please enter the 3 digit security code printed on the back of your card."}},"variations":null}],"maxRetries":4,"allowInterrupt":true},"sampleUtterances":null,"defaultValueSpecification":null,"waitAndContinueSpecification":null,"slotConstraint":"Required"},"multipleValuesSetting":null}