{"name":"ZipCode","identifier":"JW6XV8CQZJ","description":null,"slotTypeName":"ZipCode","obfuscationSetting":null,"valueElicitationSetting":{"defaultValueSpecification":null,"waitAndContinueSpecification":{"isActive":true,"waitingResponse":{"messageGroupsList":[{"message":{"ssmlMessage":null,"imageResponseCard":null,"customPayload":null,"plainTextMessage":{"value":"Okay. I will wait."}},"variations":null}],"allowInterrupt":true},"continueResponse":{"messageGroupsList":[{"message":{"ssmlMessage":null,"imageResponseCard":null,"customPayload":null,"plainTextMessage":{"value":"Great. Your ZIP code please?"}},"variations":null}],"allowInterrupt":true},"stillWaitingResponse":{"frequencyInSeconds":30,"timeoutInSeconds":120,"messageGroupsList":[{"message":{"ssmlMessage":null,"imageResponseCard":null,"customPayload":null,"plainTextMessage":{"value":"Okay. I am here. Please tell me your ZIP code?"}},"variations":null}],"allowInterrupt":null}},"slotConstraint":"Required","promptSpecification":{"maxRetries":4,"messageGroupsList":[{"message":{"ssmlMessage":null,"imageResponseCard":null,"customPayload":null,"plainTextMessage":{"value":"Okay, and your ZIP code?"}},"variations":null}],"allowInterrupt":true},"sampleUtterances":null},"multipleValuesSetting":null}