{"name":"Zipcode","identifier":"ITWXPJAQZS","description":null,"slotTypeName":"Zipcode","obfuscationSetting":null,"valueElicitationSetting":{"promptSpecification":{"messageGroupsList":[{"message":{"ssmlMessage":null,"imageResponseCard":null,"customPayload":null,"plainTextMessage":{"value":"For verification, please tell me the zipcode of your registered address."}},"variations":null}],"maxRetries":4,"allowInterrupt":true},"sampleUtterances":null,"defaultValueSpecification":null,"waitAndContinueSpecification":{"isActive":true,"waitingResponse":{"messageGroupsList":[{"message":{"ssmlMessage":null,"imageResponseCard":null,"customPayload":null,"plainTextMessage":{"value":"Okay. I will wait."}},"variations":null}],"allowInterrupt":true},"continueResponse":{"messageGroupsList":[{"message":{"ssmlMessage":null,"imageResponseCard":null,"customPayload":null,"plainTextMessage":{"value":"Great. Please tell me the zip code for verification."}},"variations":null}],"allowInterrupt":true},"stillWaitingResponse":{"messageGroupsList":[{"message":{"ssmlMessage":null,"imageResponseCard":null,"customPayload":null,"plainTextMessage":{"value":"Okay. Please tell me the zip code for verification."}},"variations":null}],"timeoutInSeconds":120,"frequencyInSeconds":30,"allowInterrupt":null}},"slotConstraint":"Required"},"multipleValuesSetting":null}