{"name":"SecurityCode","identifier":"8JZKYMIVMM","description":null,"slotTypeName":"SecurityCode","obfuscationSetting":null,"valueElicitationSetting":{"promptSpecification":{"messageGroupsList":[{"message":{"ssmlMessage":null,"imageResponseCard":null,"customPayload":null,"plainTextMessage":{"value":"Got it. Please enter the security code or CVV number printed on the back of your card."}},"variations":null}],"maxRetries":4,"allowInterrupt":true},"sampleUtterances":null,"defaultValueSpecification":null,"waitAndContinueSpecification":{"isActive":true,"waitingResponse":{"messageGroupsList":[{"message":{"ssmlMessage":null,"imageResponseCard":null,"customPayload":null,"plainTextMessage":{"value":"Okay. I will wait."}},"variations":null}],"allowInterrupt":true},"continueResponse":{"messageGroupsList":[{"message":{"ssmlMessage":null,"imageResponseCard":null,"customPayload":null,"plainTextMessage":{"value":"Great. Please enter the security code."}},"variations":null}],"allowInterrupt":true},"stillWaitingResponse":{"messageGroupsList":[{"message":{"ssmlMessage":null,"imageResponseCard":null,"customPayload":null,"plainTextMessage":{"value":"Okay. Please enter the security code."}},"variations":null}],"timeoutInSeconds":120,"frequencyInSeconds":30,"allowInterrupt":null}},"slotConstraint":"Required"},"multipleValuesSetting":null}