{"name":"CardNumber","identifier":"TJMBLTET9V","description":null,"slotTypeName":"CardNumber","obfuscationSetting":null,"valueElicitationSetting":{"promptSpecification":{"allowInterrupt":true,"maxRetries":4,"messageGroupsList":[{"message":{"plainTextMessage":{"value":"Please say or enter your full card number"},"customPayload":null,"ssmlMessage":null,"imageResponseCard":null},"variations":null}]},"sampleUtterances":null,"defaultValueSpecification":null,"waitAndContinueSpecification":null,"slotConstraint":"Required"},"multipleValuesSetting":null}