{"name":"PaymentOption","identifier":"WS6KLKHHPW","description":null,"slotTypeName":"PaymentOption","obfuscationSetting":null,"valueElicitationSetting":{"promptSpecification":{"messageGroupsList":[{"message":{"ssmlMessage":null,"imageResponseCard":null,"customPayload":null,"plainTextMessage":{"value":"Sure. The minimum due on your card is $50. Do you want to pay the minimum due, or current balance, or last statement balance or other amount?"}},"variations":null}],"maxRetries":4,"allowInterrupt":true},"sampleUtterances":null,"defaultValueSpecification":null,"waitAndContinueSpecification":null,"slotConstraint":"Required"},"multipleValuesSetting":null}