{"name":"Authentication","identifier":"BDRMLIMFIJ","description":"Verifies the identity of a user trying to access the system for information.","parentIntentSignature":null,"sampleUtterances":[{"utterance":"{CardNumber} "},{"utterance":"its {CardNumber} "},{"utterance":"Authentication"}],"intentConfirmationSetting":null,"intentClosingSetting":{"isActive":false,"closingResponse":{"allowInterrupt":true,"messageGroupsList":[{"message":{"plainTextMessage":{"value":"Thank you for being out client"},"customPayload":null,"ssmlMessage":null,"imageResponseCard":null},"variations":null}]}},"inputContexts":null,"outputContexts":null,"kendraConfiguration":null,"dialogCodeHook":{"enabled":false},"fulfillmentCodeHook":{"postFulfillmentStatusSpecification":null,"fulfillmentUpdatesSpecification":null,"enabled":true},"slotPriorities":[{"priority":2,"slotName":"ZipCode"},{"priority":1,"slotName":"CardNumber"}]}