{"name":"Authentication","identifier":"BDRMLIMFIJ","description":"Verifies the identity of a user trying to access the system for information.","parentIntentSignature":null,"sampleUtterances":[{"utterance":"{CardNumber} "},{"utterance":"its {CardNumber} "},{"utterance":"Authentication"}],"intentConfirmationSetting":null,"intentClosingSetting":{"isActive":false,"closingResponse":{"messageGroupsList":[{"message":{"ssmlMessage":null,"imageResponseCard":null,"customPayload":null,"plainTextMessage":{"value":"Thank you for being out client"}},"variations":null}],"allowInterrupt":true}},"inputContexts":null,"outputContexts":null,"kendraConfiguration":null,"dialogCodeHook":{"enabled":false},"fulfillmentCodeHook":{"fulfillmentUpdatesSpecification":null,"postFulfillmentStatusSpecification":null,"enabled":true},"slotPriorities":[{"priority":2,"slotName":"ZipCode"},{"priority":1,"slotName":"CardNumber"}]}