{"name":"ZipCode","identifier":"JW6XV8CQZJ","description":null,"slotTypeName":"ZipCode","obfuscationSetting":null,"valueElicitationSetting":{"defaultValueSpecification":null,"waitAndContinueSpecification":{"isActive":true,"waitingResponse":{"allowInterrupt":true,"messageGroupsList":[{"message":{"ssmlMessage":null,"imageResponseCard":null,"customPayload":null,"plainTextMessage":{"value":"Okay. I will wait."}},"variations":null}]},"continueResponse":{"allowInterrupt":true,"messageGroupsList":[{"message":{"ssmlMessage":null,"imageResponseCard":null,"customPayload":null,"plainTextMessage":{"value":"Great. Your ZIP code please?"}},"variations":null}]},"stillWaitingResponse":{"allowInterrupt":null,"timeoutInSeconds":120,"frequencyInSeconds":30,"messageGroupsList":[{"message":{"ssmlMessage":null,"imageResponseCard":null,"customPayload":null,"plainTextMessage":{"value":"Okay. I am here. Please tell me your ZIP code?"}},"variations":null}]}},"slotConstraint":"Required","promptSpecification":{"allowInterrupt":true,"maxRetries":4,"messageGroupsList":[{"message":{"ssmlMessage":null,"imageResponseCard":null,"customPayload":null,"plainTextMessage":{"value":"Okay, and your ZIP code?"}},"variations":null}]},"sampleUtterances":null},"multipleValuesSetting":null}