{"name":"CreditCardBenefits","identifier":"SCSMQLLQGW","description":"Responds to phrases that indicate that user wants to check their credit card benefits.","parentIntentSignature":null,"sampleUtterances":[{"utterance":"What are the benefits of using this card?"},{"utterance":"please tell me the benifits of having a credit card"},{"utterance":"benefits of using this card?"},{"utterance":"credit card benefits"},{"utterance":"what benefits do I get by using credit card"},{"utterance":"what are my credit card benefits?"},{"utterance":"How do I find my Credit Card Perks and Benefits?"},{"utterance":"What kinds of benefits can I get with my credit card?"},{"utterance":"How do I check my card benefits?"},{"utterance":"What advantages do I get for my credit card?"},{"utterance":"How to know The Credit Card benefits?"},{"utterance":"tell me my credit card benefits"},{"utterance":"What are the benefits to use a credit card?"},{"utterance":"What benefits do I get with credit card?"}],"intentConfirmationSetting":{"isActive":true,"promptSpecification":{"messageGroupsList":[{"message":{"ssmlMessage":{"value":"<speak>You can earn bonus points on select purchases. You can redeem these points for travel, gift cards, cash back and more. You will get competitive prices, plus the flexibility to use your points, your card, or both. <break time='1s'/> Would you like to know how many reward points you have in your account? </speak>"},"imageResponseCard":null,"customPayload":null,"plainTextMessage":null},"variations":null}],"maxRetries":2,"allowInterrupt":false},"declinationResponse":{"messageGroupsList":[{"message":{"ssmlMessage":null,"imageResponseCard":null,"customPayload":null,"plainTextMessage":{"value":"Okay then. What else can I do for you?"}},"variations":null}],"allowInterrupt":true}},"intentClosingSetting":{"isActive":true,"closingResponse":{"messageGroupsList":[{"message":{"ssmlMessage":{"value":"<speak>One moment please. <break time='2s'/> You have 2000 reward points on your account. You can redeem these points while making a purchase with this credit card. For more information, visit us online at TBME bank dot com slash rewards. Anything else? </speak>"},"imageResponseCard":null,"customPayload":null,"plainTextMessage":null},"variations":null}],"allowInterrupt":true}},"inputContexts":null,"outputContexts":null,"kendraConfiguration":null,"dialogCodeHook":null,"fulfillmentCodeHook":null,"slotPriorities":[]}