{"name":"PayCardBill","identifier":"4LIGGEEQA2","description":"Responds to phrases that indicate that user wants to pay their card bill.","parentIntentSignature":null,"sampleUtterances":[{"utterance":"I want to make a payment for my card"},{"utterance":"make a payment for my card"},{"utterance":"I want to pay for my card"},{"utterance":"I want to make a payment for my card account"},{"utterance":"Pay my card bill"},{"utterance":"I would like to make my card payment"},{"utterance":"Make a payment towards my card account"},{"utterance":"I would like to payoff my card bill"},{"utterance":"Need to make my card payment"},{"utterance":"I would like to check my total amount due and make payment"},{"utterance":"I want to pay my card due"},{"utterance":"Please help to pay my card bill"},{"utterance":"Pay card bill"},{"utterance":"I want to settle my card bill"},{"utterance":"settle my card due"}],"intentConfirmationSetting":null,"intentClosingSetting":{"isActive":false,"closingResponse":{"messageGroupsList":[{"message":{"ssmlMessage":null,"imageResponseCard":null,"customPayload":null,"plainTextMessage":{"value":"Thank you. Your payment request has been received."}},"variations":null}],"allowInterrupt":true}},"inputContexts":null,"outputContexts":null,"kendraConfiguration":null,"dialogCodeHook":{"enabled":true},"fulfillmentCodeHook":{"fulfillmentUpdatesSpecification":null,"postFulfillmentStatusSpecification":null,"enabled":true},"slotPriorities":[{"priority":5,"slotName":"AccountOption"},{"priority":1,"slotName":"SSNLast4Digits"},{"priority":7,"slotName":"3DigitSecurityCode"},{"priority":4,"slotName":"CheckAuthorization"},{"priority":6,"slotName":"AccountNumberLast4digits"},{"priority":2,"slotName":"PaymentOption"},{"priority":3,"slotName":"PaymentAmount"}]}