{"name":"CardNumber","identifier":"TJMBLTET9V","description":null,"slotTypeName":"CardNumber","obfuscationSetting":null,"valueElicitationSetting":{"defaultValueSpecification":null,"waitAndContinueSpecification":{"isActive":true,"waitingResponse":{"allowInterrupt":true,"messageGroupsList":[{"message":{"ssmlMessage":null,"imageResponseCard":null,"customPayload":null,"plainTextMessage":{"value":"Okay. I will wait."}},"variations":null}]},"continueResponse":{"allowInterrupt":true,"messageGroupsList":[{"message":{"ssmlMessage":null,"imageResponseCard":null,"customPayload":null,"plainTextMessage":{"value":"Great. Please say or entr your full card number."}},"variations":null}]},"stillWaitingResponse":{"allowInterrupt":null,"timeoutInSeconds":120,"frequencyInSeconds":30,"messageGroupsList":[{"message":{"ssmlMessage":null,"imageResponseCard":null,"customPayload":null,"plainTextMessage":{"value":"I am here. Please say or enter your full card number."}},"variations":null}]}},"slotConstraint":"Required","promptSpecification":{"allowInterrupt":true,"maxRetries":4,"messageGroupsList":[{"message":{"ssmlMessage":null,"imageResponseCard":null,"customPayload":null,"plainTextMessage":{"value":"Please say or enter your full card number"}},"variations":null}]},"sampleUtterances":null},"multipleValuesSetting":null}