{"name":"RequestNewCard","identifier":"XMSRT82XXK","description":"Responds to phrases that indicate that user wants to request for a replacement card.","parentIntentSignature":null,"sampleUtterances":[{"utterance":"Request a new card"},{"utterance":"i want a new card "},{"utterance":"Yes, I need replacement card"},{"utterance":"I lost my card so now I want a new one"},{"utterance":"Can I get a new card?"},{"utterance":"I want a new replacement card"},{"utterance":"I need a fresh card as I lost my previous one"},{"utterance":"Can you send me a new card?"},{"utterance":"I need a new card"},{"utterance":"I would like a replacement card"}],"intentConfirmationSetting":{"isActive":true,"promptSpecification":{"messageGroupsList":[{"message":{"ssmlMessage":null,"imageResponseCard":null,"customPayload":null,"plainTextMessage":{"value":"Sure. Do you want me to mail it to your registered address?"}},"variations":null}],"maxRetries":4,"allowInterrupt":true},"declinationResponse":{"messageGroupsList":[{"message":{"ssmlMessage":{"value":"<speak>OK. I am not authorised to mail your card to a different address. If you want to get it to a different address, you need to visit t b m e bank dot com online, go to your profile, and add your new address. Is there anything else I can help you with?</speak>"},"imageResponseCard":null,"customPayload":null,"plainTextMessage":null},"variations":null}],"allowInterrupt":true}},"intentClosingSetting":{"isActive":true,"closingResponse":{"messageGroupsList":[{"message":{"ssmlMessage":null,"imageResponseCard":null,"customPayload":null,"plainTextMessage":{"value":"For verification, please tell me the zipcode of your registered address."}},"variations":null}],"allowInterrupt":true}},"inputContexts":[{"name":"RequestNewCard","timeToLiveInSeconds":null,"turnsToLive":null}],"outputContexts":[{"name":"RequestNewCardVerification","timeToLiveInSeconds":20,"turnsToLive":10}],"kendraConfiguration":null,"dialogCodeHook":null,"fulfillmentCodeHook":{"fulfillmentUpdatesSpecification":null,"postFulfillmentStatusSpecification":null,"enabled":false},"slotPriorities":[]}