{"name":"SSNLast4Digits","identifier":"HYG2NC64E5","description":null,"slotTypeName":"SSNLast4Digits","obfuscationSetting":null,"valueElicitationSetting":{"promptSpecification":{"messageGroupsList":[{"message":{"ssmlMessage":null,"imageResponseCard":null,"customPayload":null,"plainTextMessage":{"value":"Make payment. Sure. For verification, please enter the last 4 digits of your social security number."}},"variations":null}],"maxRetries":4,"allowInterrupt":true},"sampleUtterances":null,"defaultValueSpecification":null,"waitAndContinueSpecification":null,"slotConstraint":"Required"},"multipleValuesSetting":null}