{"name":"ResetCardPIN","identifier":"DXJOPWGPCZ","description":"Responds to phrases that indicate that user wants to reset their card PIN.","parentIntentSignature":null,"sampleUtterances":[{"utterance":"I want to reset my card pin"},{"utterance":"Reset card PIN"},{"utterance":"Reset card pin number"},{"utterance":"I want to reset my card password"},{"utterance":"I would like to reset my PIN"},{"utterance":"I want to change my card PIN"},{"utterance":"Change PIN"},{"utterance":"Modify PIN"},{"utterance":"Replace my old PIN"},{"utterance":"I want to register a new card pin"},{"utterance":"Please, reset my new card"},{"utterance":"How can I reset my pin?"},{"utterance":"What's the process to reset my card pin?"}],"intentConfirmationSetting":{"isActive":false,"promptSpecification":{"messageGroupsList":[{"message":{"ssmlMessage":null,"imageResponseCard":null,"customPayload":null,"plainTextMessage":{"value":"Got it. Can I go ahead and update your PIN?"}},"variations":null}],"maxRetries":4,"allowInterrupt":true},"declinationResponse":{"messageGroupsList":[{"message":{"ssmlMessage":null,"imageResponseCard":null,"customPayload":null,"plainTextMessage":{"value":"Okay then. I will not proceed. Anything else?"}},"variations":null}],"allowInterrupt":true}},"intentClosingSetting":{"isActive":true,"closingResponse":{"messageGroupsList":[{"message":{"ssmlMessage":null,"imageResponseCard":null,"customPayload":null,"plainTextMessage":{"value":"OK. Do you want me to email it to you, or send to your address on file?"}},"variations":null}],"allowInterrupt":true}},"inputContexts":null,"outputContexts":[{"name":"MailCardPIN","timeToLiveInSeconds":120,"turnsToLive":5},{"name":"EmailCardPIN","timeToLiveInSeconds":120,"turnsToLive":5}],"kendraConfiguration":null,"dialogCodeHook":{"enabled":false},"fulfillmentCodeHook":{"fulfillmentUpdatesSpecification":null,"postFulfillmentStatusSpecification":null,"enabled":false},"slotPriorities":[{"priority":1,"slotName":"SecurityCode"}]}