{"name":"ConfirmationSlot","identifier":"7ECMW85WFS","description":"Conditional slot to recognise words that represent yes or no.","slotTypeValues":[{"synonyms":[{"value":"OK"},{"value":"fine"},{"value":"go ahead"},{"value":"thats ok"},{"value":"yes"},{"value":"Proceed"}],"sampleValue":{"value":"Confirmed"}},{"synonyms":[{"value":"no"},{"value":"nope"},{"value":"stop"},{"value":"halt"},{"value":"please cancel"},{"value":"please stop"},{"value":"cancel"}],"sampleValue":{"value":"Denied"}}],"parentSlotTypeSignature":null,"valueSelectionSetting":{"resolutionStrategy":"TOP_RESOLUTION","regexFilter":null}}