{"name":"AccountNumberLast4digits","identifier":"ROAUSZSHOX","description":null,"slotTypeName":"AccountNumberLast4digits","obfuscationSetting":null,"valueElicitationSetting":{"promptSpecification":{"messageGroupsList":[{"message":{"ssmlMessage":null,"imageResponseCard":null,"customPayload":null,"plainTextMessage":{"value":"Okay then, please tell me the last 4 digits of the account number, you would like to use for today's transaction."}},"variations":null}],"maxRetries":4,"allowInterrupt":true},"sampleUtterances":null,"defaultValueSpecification":null,"waitAndContinueSpecification":{"isActive":true,"waitingResponse":{"messageGroupsList":[{"message":{"ssmlMessage":null,"imageResponseCard":null,"customPayload":null,"plainTextMessage":{"value":"Okay. I will wait."}},"variations":null}],"allowInterrupt":true},"continueResponse":{"messageGroupsList":[{"message":{"ssmlMessage":null,"imageResponseCard":null,"customPayload":null,"plainTextMessage":{"value":"Great. Please tell me the last four digits of your account number."}},"variations":null}],"allowInterrupt":true},"stillWaitingResponse":{"messageGroupsList":[{"message":{"ssmlMessage":null,"imageResponseCard":null,"customPayload":null,"plainTextMessage":{"value":"Okay. Please tell me the last four digits of your account number."}},"variations":null}],"timeoutInSeconds":120,"frequencyInSeconds":30,"allowInterrupt":null}},"slotConstraint":"Optional"},"multipleValuesSetting":null}