{"name":"ActivateCard","identifier":"4HW9H9KQ3Q","description":"Responds to phrases that indicate that user wants to activate their new card.","parentIntentSignature":null,"sampleUtterances":[{"utterance":"I want to activate my card"},{"utterance":"card activation"},{"utterance":"I have a new card that I want to start using"},{"utterance":"Activate my card"},{"utterance":"Please help me with activating my card"},{"utterance":"I want to start using my new card"},{"utterance":"What do I need to do to start using my new card"},{"utterance":"I want to register my new card"},{"utterance":"I want to setup my new card"},{"utterance":"Can I start using my new card directly?"},{"utterance":"How to activate my card?"},{"utterance":"Help me, to activate my card"},{"utterance":"I need help to activate my card"},{"utterance":"Card activation help"},{"utterance":"Please, activate my card"}],"intentConfirmationSetting":{"isActive":true,"promptSpecification":{"messageGroupsList":[{"message":{"ssmlMessage":null,"imageResponseCard":null,"customPayload":null,"plainTextMessage":{"value":"Got it. Should I go ahead and activate your card?"}},"variations":null}],"maxRetries":4,"allowInterrupt":true},"declinationResponse":{"messageGroupsList":[{"message":{"ssmlMessage":null,"imageResponseCard":null,"customPayload":null,"plainTextMessage":{"value":"Okay then. You will have to reset PIN at a later time. Anything else?"}},"variations":null}],"allowInterrupt":true}},"intentClosingSetting":{"isActive":true,"closingResponse":{"messageGroupsList":[{"message":{"ssmlMessage":null,"imageResponseCard":null,"customPayload":null,"plainTextMessage":{"value":"Thank you. Your card is now activated, and can be used immediately. Is there anything else I can help you with?"}},"variations":null}],"allowInterrupt":true}},"inputContexts":null,"outputContexts":null,"kendraConfiguration":null,"dialogCodeHook":{"enabled":false},"fulfillmentCodeHook":{"fulfillmentUpdatesSpecification":null,"postFulfillmentStatusSpecification":null,"enabled":false},"slotPriorities":[{"priority":1,"slotName":"SecurityCode"},{"priority":3,"slotName":"SetPIN"},{"priority":2,"slotName":"ExpiryDate"}]}