{"name":"CardNumber","identifier":"TJMBLTET9V","description":null,"slotTypeName":"CardNumber","obfuscationSetting":null,"valueElicitationSetting":{"defaultValueSpecification":null,"waitAndContinueSpecification":{"isActive":true,"waitingResponse":{"messageGroupsList":[{"message":{"ssmlMessage":null,"imageResponseCard":null,"customPayload":null,"plainTextMessage":{"value":"Okay. I will wait."}},"variations":null}],"allowInterrupt":true},"continueResponse":{"messageGroupsList":[{"message":{"ssmlMessage":null,"imageResponseCard":null,"customPayload":null,"plainTextMessage":{"value":"Great. Please say or entr your full card number."}},"variations":null}],"allowInterrupt":true},"stillWaitingResponse":{"frequencyInSeconds":30,"timeoutInSeconds":120,"messageGroupsList":[{"message":{"ssmlMessage":null,"imageResponseCard":null,"customPayload":null,"plainTextMessage":{"value":"I am here. Please say or enter your full card number."}},"variations":null}],"allowInterrupt":null}},"slotConstraint":"Required","promptSpecification":{"maxRetries":4,"messageGroupsList":[{"message":{"ssmlMessage":null,"imageResponseCard":null,"customPayload":null,"plainTextMessage":{"value":"Please say or enter your full card number"}},"variations":null}],"allowInterrupt":true},"sampleUtterances":null},"multipleValuesSetting":null}