{"name":"DontHaveIt","identifier":"ZV4VDIUNRD","description":"When a user doesn't have the required authentication details.","parentIntentSignature":null,"sampleUtterances":[{"utterance":"i dont think i have it"},{"utterance":"I missed it"},{"utterance":"I dont have it"}],"intentConfirmationSetting":null,"intentClosingSetting":{"isActive":true,"closingResponse":{"allowInterrupt":true,"messageGroupsList":[{"message":{"plainTextMessage":{"value":"For your security, we are unable to complete your request, until you are able to provide required information."},"customPayload":null,"ssmlMessage":null,"imageResponseCard":null},"variations":null}]}},"inputContexts":null,"outputContexts":null,"kendraConfiguration":null,"dialogCodeHook":null,"fulfillmentCodeHook":null,"slotPriorities":[]}