{"name":"MailCardPIN","identifier":"RQYDPW1DIG","description":"Follow on intent to ResetCardPIN intent.","parentIntentSignature":null,"sampleUtterances":[{"utterance":"send it to my postal address"},{"utterance":"send it to mailing address"},{"utterance":"send by post"},{"utterance":"send to address on file"},{"utterance":"send it to my home address"}],"intentConfirmationSetting":null,"intentClosingSetting":{"isActive":true,"closingResponse":{"messageGroupsList":[{"message":{"ssmlMessage":{"value":"<speak>All right, just a moment while I process your request.<break time=\"3s\"/>All set. I'll mail you the new PIN to the address on file. What else?</speak> "},"imageResponseCard":null,"customPayload":null,"plainTextMessage":null},"variations":null}],"allowInterrupt":true}},"inputContexts":[{"name":"MailCardPIN","timeToLiveInSeconds":null,"turnsToLive":null}],"outputContexts":null,"kendraConfiguration":null,"dialogCodeHook":null,"fulfillmentCodeHook":null,"slotPriorities":[]}