{"name":"ZipCode","identifier":"JW6XV8CQZJ","description":null,"slotTypeName":"ZipCode","obfuscationSetting":null,"valueElicitationSetting":{"promptSpecification":{"allowInterrupt":true,"maxRetries":4,"messageGroupsList":[{"message":{"plainTextMessage":{"value":"Okay, and your ZIP code?"},"customPayload":null,"ssmlMessage":null,"imageResponseCard":null},"variations":null}]},"sampleUtterances":null,"defaultValueSpecification":null,"waitAndContinueSpecification":null,"slotConstraint":"Required"},"multipleValuesSetting":null}