{"name":"PaymentAmount","identifier":"Y2WZEZBLGY","description":null,"slotTypeName":"AMAZON.Number","obfuscationSetting":null,"valueElicitationSetting":{"promptSpecification":{"messageGroupsList":[{"message":{"ssmlMessage":null,"imageResponseCard":null,"customPayload":null,"plainTextMessage":{"value":"OK. And how much would you like to pay?"}},"variations":null}],"maxRetries":4,"allowInterrupt":true},"sampleUtterances":[{"utterance":"{PaymentAmount} dollars"},{"utterance":"{PaymentAmount} $"}],"defaultValueSpecification":null,"waitAndContinueSpecification":null,"slotConstraint":"Required"},"multipleValuesSetting":null}