{"name":"DateAvailabilityCheck","identifier":"UPQ3J3YM1B","description":null,"slotTypeName":"ConfirmationSlot","obfuscationSetting":null,"valueElicitationSetting":{"promptSpecification":{"messageGroupsList":[{"message":{"ssmlMessage":null,"imageResponseCard":null,"customPayload":null,"plainTextMessage":{"value":"Okay. Don't worry, I'll help you to block the card, to avoid any unauthorized transactions. Do you remember on what date the card went missing?"}},"variations":null}],"maxRetries":4,"allowInterrupt":true},"sampleUtterances":null,"defaultValueSpecification":null,"waitAndContinueSpecification":null,"slotConstraint":"Required"},"multipleValuesSetting":null}