{"name":"AccountOption","identifier":"VSXLEZP47R","description":"Conditional slot to recognise words that represent same or another account.","slotTypeValues":[{"synonyms":[{"value":"same"},{"value":"this account"},{"value":"this one"},{"value":"this"}],"sampleValue":{"value":"same account"}},{"synonyms":[{"value":"different"},{"value":"different one"},{"value":"another account"},{"value":"another"}],"sampleValue":{"value":"different account"}}],"parentSlotTypeSignature":null,"valueSelectionSetting":{"resolutionStrategy":"TOP_RESOLUTION","regexFilter":null}}