{"name":"PaymentOption","identifier":"LEV5OEG9F4","description":"Recognises words that represent a payment type.","slotTypeValues":[{"synonyms":[{"value":"current payment amount"}],"sampleValue":{"value":"current balance"}},{"synonyms":[{"value":"statement balance"},{"value":"last statement balance"}],"sampleValue":{"value":"remaining statement balance"}},{"synonyms":[{"value":"other amount"},{"value":"different"}],"sampleValue":{"value":"different amount"}},{"synonyms":[{"value":"Minimum Due"},{"value":"minimum payment "}],"sampleValue":{"value":"minimum due"}}],"parentSlotTypeSignature":null,"valueSelectionSetting":{"resolutionStrategy":"TOP_RESOLUTION","regexFilter":null}}